{"war":{"Alabama":-0.46075999999999995,"Alaska":-0.24926,"Arizona":-0.34766,"Arkansas":-0.3952733333333333,"California":-0.2784400000000001,"Colorado":-0.40748666666666666,"Connecticut":-0.37148,"Delaware":-0.2596545454545454,"Florida":-0.5930666666666666,"Georgia":-0.20224000000000006,"Hawaii":-0.4651933333333334,"Idaho":-0.5354545454545456,"Illinois":-0.34412000000000004,"Indiana":-0.24035333333333334,"Iowa":-0.29407333333333335,"Kansas":-0.056891666666666695,"Kentucky":-0.22800000000000004,"Louisiana":-0.27016,"Maine":-0.6888,"Maryland":-0.43076666666666674,"Massachusetts":-0.2590333333333334,"Michigan":-0.3164,"Minnesota":-0.45758,"Mississippi":-0.43981333333333333,"Missouri":-0.3699066666666667,"Montana":-0.31652,"Nebraska":-0.4394733333333333,"Nevada":-0.2875466666666666,"New Hampshire":-0.2537200000000001,"New Jersey":-0.3196933333333334,"New Mexico":-0.4599933333333333,"New York":-0.6464266666666667,"North Carolina":0.07448666666666665,"North Dakota":0.1267,"Ohio":-0.47365333333333337,"Oklahoma":-0.43507333333333337,"Oregon":-0.29303333333333337,"Pennsylvania":-0.4182266666666667,"Rhode Island":-0.21609333333333333,"South Carolina":-0.5004933333333333,"South Dakota":-0.32158333333333333,"Tennessee":-0.1471,"Texas":-0.36524,"Utah":-0.2489833333333333,"Vermont":-0.29453333333333337,"Virginia":0.031266666666666665,"Washington":0.10389333333333331,"West Virginia":-0.3171133333333333,"Wisconsin":-0.3270133333333334,"Wyoming":-0.263675},"education":{"Alabama":0.3668866666666667,"Alaska":0.49079333333333325,"Arizona":0.37839999999999996,"Arkansas":0.24809333333333336,"California":0.43528000000000006,"Colorado":0.2659066666666667,"Connecticut":0.3142466666666666,"Delaware":0.0868111111111111,"Florida":-0.023613333333333337,"Georgia":0.21937333333333336,"Hawaii":0.35585333333333335,"Idaho":0.1707071428571429,"Illinois":0.35218,"Indiana":0.3151933333333333,"Iowa":0.15840666666666664,"Kansas":0.24802,"Kentucky":0.031793333333333326,"Louisiana":0.30568,"Maine":0.16475333333333336,"Maryland":0.27186000000000005,"Massachusetts":0.38913333333333344,"Michigan":0.30112,"Minnesota":-0.04671999999999999,"Mississippi":0.24475384615384616,"Missouri":0.4060133333333333,"Montana":0.17247142857142855,"Nebraska":0.3582666666666666,"Nevada":0.43451999999999996,"New Hampshire":0.42422,"New Jersey":0.43418666666666667,"New Mexico":0.25752666666666674,"New York":0.15222000000000005,"North Carolina":0.2903333333333334,"North Dakota":0.13957999999999998,"Ohio":0.2676666666666667,"Oklahoma":0.26299333333333336,"Oregon":0.12902,"Pennsylvania":0.3026733333333334,"Rhode Island":0.3400266666666667,"South Carolina":0.16373999999999997,"South Dakota":-0.11106666666666666,"Tennessee":0.16472,"Texas":0.36658666666666667,"Utah":0.4621733333333334,"Vermont":0.06777777777777777,"Virginia":0.18293333333333334,"Washington":0.12265999999999998,"West Virginia":-0.10553846153846155,"Wisconsin":0.2254933333333333,"Wyoming":0.2285666666666667},"guns":{"Alabama":-0.15668,"Alaska":-0.18198888888888887,"Arizona":0.004706666666666661,"Arkansas":-0.31980000000000003,"California":-0.07903333333333333,"Colorado":0.13757999999999998,"Connecticut":-0.5191866666666666,"Delaware":-0.12884285714285712,"Florida":-0.13143333333333335,"Georgia":-0.24403999999999998,"Hawaii":-0.32742000000000004,"Idaho":0.0291,"Illinois":-0.06453333333333333,"Indiana":0.2526266666666667,"Iowa":-0.1350333333333333,"Kansas":0.1886769230769231,"Kentucky":-0.024033333333333344,"Louisiana":0.04052666666666668,"Maine":-0.13176,"Maryland":-0.15147333333333338,"Massachusetts":-0.12187333333333332,"Michigan":-0.18573999999999996,"Minnesota":-0.037333333333333336,"Mississippi":-0.18338333333333334,"Missouri":-0.15160666666666672,"Montana":0.207775,"Nebraska":-0.1862,"Nevada":0.07449333333333336,"New Hampshire":0,"New Jersey":-0.21335333333333337,"New Mexico":-0.12972666666666666,"New York":-0.23917333333333338,"North Carolina":0.15231333333333333,"North Dakota":-0.19063333333333332,"Ohio":-0.14445333333333335,"Oklahoma":-0.13358571428571434,"Oregon":0.10078,"Pennsylvania":-0.21470000000000003,"Rhode Island":-0.15461,"South Carolina":-0.22078666666666666,"South Dakota":0.29173333333333334,"Tennessee":-0.16022666666666666,"Texas":-0.09281999999999999,"Utah":-0.2844461538461538,"Vermont":null,"Virginia":-0.17378,"Washington":-0.07952666666666666,"West Virginia":-0.11776666666666667,"Wisconsin":-0.08271999999999999,"Wyoming":0.41000000000000003},"politics":{"Alabama":-0.060440000000000015,"Alaska":0.010046666666666655,"Arizona":0.18745333333333333,"Arkansas":-0.15614666666666668,"California":-0.023040000000000005,"Colorado":0.030833333333333334,"Connecticut":0.11636,"Delaware":0.19756666666666667,"Florida":-0.07218666666666666,"Georgia":-0.0018466666666666779,"Hawaii":0.12540833333333334,"Idaho":0.03910000000000001,"Illinois":0.08762000000000002,"Indiana":-0.13142666666666666,"Iowa":0.20728666666666667,"Kansas":-0.25300000000000006,"Kentucky":-0.024026666666666658,"Louisiana":0.034273333333333336,"Maine":-0.15572000000000003,"Maryland":0.22447333333333327,"Massachusetts":0.017120000000000003,"Michigan":0.003919999999999997,"Minnesota":-0.06292,"Mississippi":0.1628,"Missouri":0.004093333333333334,"Montana":-0.13698666666666667,"Nebraska":-0.15250666666666668,"Nevada":0.24204,"New Hampshire":0.0908,"New Jersey":-0.06404000000000001,"New Mexico":-0.28709999999999997,"New York":-0.02019333333333333,"North Carolina":0.021913333333333347,"North Dakota":0.09659999999999998,"Ohio":-0.10687333333333335,"Oklahoma":0.09693333333333334,"Oregon":0.10942666666666666,"Pennsylvania":0.03555333333333334,"Rhode Island":0.03666666666666666,"South Carolina":-0.09472,"South Dakota":0.17849999999999996,"Tennessee":-0.05982666666666666,"Texas":-0.18878666666666666,"Utah":0.17415333333333335,"Vermont":0.11045714285714282,"Virginia":0.04434666666666665,"Washington":-0.05569333333333333,"West Virginia":-0.010806666666666668,"Wisconsin":-0.035353333333333334,"Wyoming":-0.3924},"environment":{"Alabama":0.24058000000000002,"Alaska":-0.5574,"Arizona":0.1283933333333333,"Arkansas":0.2791142857142857,"California":0.18531333333333336,"Colorado":0.15814,"Connecticut":0.25964,"Delaware":0.5573499999999999,"Florida":0.25583333333333336,"Georgia":0.35386,"Hawaii":0.10723333333333333,"Idaho":0.3553222222222222,"Illinois":0.1526666666666667,"Indiana":0.15833333333333333,"Iowa":0.014406666666666672,"Kansas":0.19825999999999996,"Kentucky":0.04291538461538461,"Louisiana":0.19836666666666666,"Maine":-0.020816666666666688,"Maryland":0.09556666666666666,"Massachusetts":0.18624666666666664,"Michigan":0.3759666666666667,"Minnesota":0.23914,"Mississippi":0.29964,"Missouri":0.29762,"Montana":0.02681333333333335,"Nebraska":0.6347777777777778,"Nevada":-0.010366666666666672,"New Hampshire":0.29724,"New Jersey":0.16059333333333334,"New Mexico":0.4365642857142857,"New York":0.12173999999999999,"North Carolina":0.3922933333333333,"North Dakota":null,"Ohio":0.34235999999999994,"Oklahoma":0.17482307692307691,"Oregon":0.5032133333333333,"Pennsylvania":0.06505999999999999,"Rhode Island":0.01176,"South Carolina":0.36716000000000004,"South Dakota":0.6486,"Tennessee":0.023446666666666657,"Texas":0.25531333333333334,"Utah":0.33434,"Vermont":0.4199,"Virginia":0.24636,"Washington":0.03868666666666668,"West Virginia":0.3404,"Wisconsin":0.26755333333333325,"Wyoming":null},"economy":{"Alabama":-0.16045333333333334,"Alaska":0.12915,"Arizona":-0.0512,"Arkansas":-0.07144999999999999,"California":0.09089333333333334,"Colorado":-0.07367333333333334,"Connecticut":0.13349333333333332,"Delaware":0.037590000000000005,"Florida":0.11054000000000001,"Georgia":-0.04200666666666668,"Hawaii":-0.119175,"Idaho":0.0010666666666666602,"Illinois":0.24992666666666666,"Indiana":0.16844666666666666,"Iowa":-0.16588666666666668,"Kansas":-0.0987714285714286,"Kentucky":0.04519999999999999,"Louisiana":0.01647333333333333,"Maine":-0.251075,"Maryland":-0.045786666666666656,"Massachusetts":0.14630666666666664,