{
  "war": {
    "Alabama": -0.46075999999999995,
    "Alaska": -0.24926,
    "Arizona": -0.34766,
    "Arkansas": -0.3952733333333333,
    "California": -0.2784400000000001,
    "Colorado": -0.40748666666666666,
    "Connecticut": -0.37148,
    "Delaware": -0.2596545454545454,
    "Florida": -0.5930666666666666,
    "Georgia": -0.20224000000000006,
    "Hawaii": -0.4651933333333334,
    "Idaho": -0.5354545454545456,
    "Illinois": -0.34412000000000004,
    "Indiana": -0.24035333333333334,
    "Iowa": -0.29407333333333335,
    "Kansas": -0.056891666666666695,
    "Kentucky": -0.22800000000000004,
    "Louisiana": -0.27016,
    "Maine": -0.6888,
    "Maryland": -0.43076666666666674,
    "Massachusetts": -0.2590333333333334,
    "Michigan": -0.3164,
    "Minnesota": -0.45758,
    "Mississippi": -0.43981333333333333,
    "Missouri": -0.3699066666666667,
    "Montana": -0.31652,
    "Nebraska": -0.4394733333333333,
    "Nevada": -0.2875466666666666,
    "New Hampshire": -0.2537200000000001,
    "New Jersey": -0.3196933333333334,
    "New Mexico": -0.4599933333333333,
    "New York": -0.6464266666666667,
    "North Carolina": 0.07448666666666665,
    "North Dakota": 0.1267,
    "Ohio": -0.47365333333333337,
    "Oklahoma": -0.43507333333333337,
    "Oregon": -0.29303333333333337,
    "Pennsylvania": -0.4182266666666667,
    "Rhode Island": -0.21609333333333333,
    "South Carolina": -0.5004933333333333,
    "South Dakota": -0.32158333333333333,
    "Tennessee": -0.1471,
    "Texas": -0.36524,
    "Utah": -0.2489833333333333,
    "Vermont": -0.29453333333333337,
    "Virginia": 0.031266666666666665,
    "Washington": 0.10389333333333331,
    "West Virginia": -0.3171133333333333,
    "Wisconsin": -0.3270133333333334,
    "Wyoming": -0.263675
  },
  "education": {
    "Alabama": 0.3668866666666667,
    "Alaska": 0.49079333333333325,
    "Arizona": 0.37839999999999996,
    "Arkansas": 0.24809333333333336,
    "California": 0.43528000000000006,
    "Colorado": 0.2659066666666667,
    "Connecticut": 0.3142466666666666,
    "Delaware": 0.0868111111111111,
    "Florida": -0.023613333333333337,
    "Georgia": 0.21937333333333336,
    "Hawaii": 0.35585333333333335,
    "Idaho": 0.1707071428571429,
    "Illinois": 0.35218,
    "Indiana": 0.3151933333333333,
    "Iowa": 0.15840666666666664,
    "Kansas": 0.24802,
    "Kentucky": 0.031793333333333326,
    "Louisiana": 0.30568,
    "Maine": 0.16475333333333336,
    "Maryland": 0.27186000000000005,
    "Massachusetts": 0.38913333333333344,
    "Michigan": 0.30112,
    "Minnesota": -0.04671999999999999,
    "Mississippi": 0.24475384615384616,
    "Missouri": 0.4060133333333333,
    "Montana": 0.17247142857142855,
    "Nebraska": 0.3582666666666666,
    "Nevada": 0.43451999999999996,
    "New Hampshire": 0.42422,
    "New Jersey": 0.43418666666666667,
    "New Mexico": 0.25752666666666674,
    "New York": 0.15222000000000005,
    "North Carolina": 0.2903333333333334,
    "North Dakota": 0.13957999999999998,
    "Ohio": 0.2676666666666667,
    "Oklahoma": 0.26299333333333336,
    "Oregon": 0.12902,
    "Pennsylvania": 0.3026733333333334,
    "Rhode Island": 0.3400266666666667,
    "South Carolina": 0.16373999999999997,
    "South Dakota": -0.11106666666666666,
    "Tennessee": 0.16472,
    "Texas": 0.36658666666666667,
    "Utah": 0.4621733333333334,
    "Vermont": 0.06777777777777777,
    "Virginia": 0.18293333333333334,
    "Washington": 0.12265999999999998,
    "West Virginia": -0.10553846153846155,
    "Wisconsin": 0.2254933333333333,
    "Wyoming": 0.2285666666666667
  },
  "guns": {
    "Alabama": -0.15668,
    "Alaska": -0.18198888888888887,
    "Arizona": 0.004706666666666661,
    "Arkansas": -0.31980000000000003,
    "California": -0.07903333333333333,
    "Colorado": 0.13757999999999998,
    "Connecticut": -0.5191866666666666,
    "Delaware": -0.12884285714285712,
    "Florida": -0.13143333333333335,
    "Georgia": -0.24403999999999998,
    "Hawaii": -0.32742000000000004,
    "Idaho": 0.0291,
    "Illinois": -0.06453333333333333,
    "Indiana": 0.2526266666666667,
    "Iowa": -0.1350333333333333,
    "Kansas": 0.1886769230769231,
    "Kentucky": -0.024033333333333344,
    "Louisiana": 0.04052666666666668,
    "Maine": -0.13176,
    "Maryland": -0.15147333333333338,
    "Massachusetts": -0.12187333333333332,
    "Michigan": -0.18573999999999996,
    "Minnesota": -0.037333333333333336,
    "Mississippi": -0.18338333333333334,
    "Missouri": -0.15160666666666672,
    "Montana": 0.207775,
    "Nebraska": -0.1862,
    "Nevada": 0.07449333333333336,
    "New Hampshire": 0,
    "New Jersey": -0.21335333333333337,
    "New Mexico": -0.12972666666666666,
    "New York": -0.23917333333333338,
    "North Carolina": 0.15231333333333333,
    "North Dakota": -0.19063333333333332,
    "Ohio": -0.14445333333333335,
    "Oklahoma": -0.13358571428571434,
    "Oregon": 0.10078,
    "Pennsylvania": -0.21470000000000003,
    "Rhode Island": -0.15461,
    "South Carolina": -0.22078666666666666,
    "South Dakota": 0.29173333333333334,
    "Tennessee": -0.16022666666666666,
    "Texas": -0.09281999999999999,
    "Utah": -0.2844461538461538,
    "Vermont": null,
    "Virginia": -0.17378,
    "Washington": -0.07952666666666666,
    "West Virginia": -0.11776666666666667,
    "Wisconsin": -0.08271999999999999,
    "Wyoming": 0.41000000000000003
  }
}
